Table,Column,Rows,Uniqueness,Nulls,Duplicates,Cardinality,Entropy,%NumericParseable,%DateParseable,TypeConsistency,IDLikeScore,UUIDNameFlag,InvalidUUIDRate,AvgStringLength,TopFrequencies
asm_region,r_regionkey,5,100.0%,0.0%,0.0%,5,1.6094,100.0%,0.0%,100.0%,2.0,0,0.0%,3.0,0.0:1 | 1.0:1 | 2.0:1
asm_region,r_name,5,100.0%,0.0%,0.0%,5,1.6094,0.0%,0.0%,100.0%,0.0,0,0.0%,6.8,africa:1 | america:1 | asia:1
asm_region,r_comment,5,100.0%,0.0%,0.0%,5,1.6094,0.0%,0.0%,100.0%,0.0,0,0.0%,91.0,that of he on by for:1 | as have or he it be :1 | a and by i in by is :1
asm_nation,n_nationkey,25,100.0%,0.0%,0.0%,25,3.2189,100.0%,0.0%,100.0%,2.0,0,0.0%,3.6,0.0:1 | 1.0:1 | 2.0:1
asm_nation,n_name,25,100.0%,0.0%,0.0%,25,3.2189,0.0%,0.0%,100.0%,0.0,0,0.0%,7.08,algeria:1 | argentina:1 | brazil:1
asm_nation,n_regionkey,25,20.0%,0.0%,80.0%,5,1.6014,100.0%,0.0%,100.0%,2.0,0,0.0%,3.0,0.0:6 | 1.0:5 | 3.0:5
asm_nation,n_comment,25,100.0%,0.0%,0.0%,25,3.2189,0.0%,0.0%,100.0%,0.0,0,0.0%,91.88,have as had the not :1 | from this on to on i:1 | which from an their :1
asm_supplier,s_suppkey,100,100.0%,0.0%,0.0%,100,4.6052,100.0%,0.0%,100.0%,2.0,0,0.0%,3.92,1.0:1 | 2.0:1 | 3.0:1
asm_supplier,s_name,100,100.0%,0.0%,0.0%,100,4.6052,0.0%,0.0%,100.0%,0.0,0,0.0%,18.0,supplier#000000001:1 | supplier#000000002:1 | supplier#000000003:1
asm_supplier,s_address,100,100.0%,0.0%,0.0%,100,4.6052,0.0%,0.0%,100.0%,0.0,0,0.0%,7.94,addr9778:1 | addr5583:1 | addr4872:1
asm_supplier,s_nationkey,100,25.0%,0.0%,75.0%,25,3.133,100.0%,0.0%,100.0%,2.0,0,0.0%,3.66,18.0:7 | 20.0:6 | 14.0:6
asm_supplier,s_phone,100,100.0%,0.0%,0.0%,100,4.6052,0.0%,0.0%,100.0%,0.0,0,0.0%,15.0,13-952-298-5853:1 | 11-358-982-8827:1 | 23-412-682-1986:1
asm_supplier,s_acctbal,100,100.0%,0.0%,0.0%,100,4.6052,17.0%,83.0%,83.0%,0.0,0,0.0%,17.63,1502-01-01T00:00:00Z:1 | 254.97:1 | 5705-01-01T00:00:00Z:1
asm_supplier,s_comment,100,100.0%,0.0%,0.0%,100,4.6052,0.0%,0.0%,100.0%,0.0,0,0.0%,71.35,was this the been fo:1 | a which you a its to:1 | is be be not in as o:1
asm_partsupp,ps_partkey,8000,25.0%,0.0%,75.0%,454,6.086,100.0%,0.0%,100.0%,2.0,0,0.0%,5.42,1986.0:3 | 1086.0:2 | 747.0:2
asm_partsupp,ps_suppkey,8000,19.8%,0.0%,80.2%,100,4.5213,100.0%,0.0%,100.0%,2.0,0,0.0%,3.91,67.0:11 | 77.0:11 | 30.0:9
asm_partsupp,ps_availqty,8000,98.2%,0.0%,1.8%,487,6.1786,100.0%,0.0%,100.0%,0.0,0,0.0%,5.87,8448.0:2 | 4292.0:2 | 8264.0:2
asm_partsupp,ps_supplycost,8000,99.8%,0.0%,0.2%,499,6.2118,100.0%,0.0%,100.0%,0.0,0,0.0%,5.8,802.69:2 | 888.84:1 | 407.94:1
asm_partsupp,ps_comment,8000,100.0%,0.0%,0.0%,500,6.2146,0.0%,0.0%,100.0%,0.0,0,0.0%,141.57,by or you in you had:1 | have were by in on o:1 | with their its you h:1
asm_orders,o_orderkey,15000,100.0%,0.0%,0.0%,500,6.2146,100.0%,0.0%,100.0%,2.0,0,0.0%,6.27,11500.0:1 | 6476.0:1 | 13168.0:1
asm_orders,o_custkey,15000,85.4%,0.0%,14.6%,427,6.008,100.0%,0.0%,100.0%,2.0,0,0.0%,5.26,260.0:3 | 1408.0:3 | 1398.0:3
asm_orders,o_orderstatus,15000,0.6%,0.0%,99.4%,3,1.093,0.0%,0.0%,100.0%,0.0,0,0.0%,1.0,p:191 | o:160 | f:149
asm_orders,o_totalprice,15000,100.0%,0.0%,0.0%,500,6.2146,100.0%,14.0%,100.0%,0.0,0,0.0%,8.7,95800.38:1 | 219191.36:1 | 305702.83:1
asm_orders,o_orderdate,15000,90.0%,0.0%,10.0%,445,6.0579,0.0%,100.0%,100.0%,0.0,0,0.0%,20.0,1998-07-31T00:00:00Z:3 | 1996-04-21T00:00:00Z:3 | 1992-06-17T00:00:00Z:3
asm_orders,o_orderpriority,15000,1.0%,0.0%,99.0%,5,1.606,0.0%,0.0%,100.0%,0.0,0,0.0%,8.64,4-not specified:110 | 3-medium:107 | 1-urgent:101
asm_orders,o_clerk,15000,28.8%,0.0%,71.2%,148,4.8801,0.0%,0.0%,100.0%,0.0,0,0.0%,15.0,clerk#000000076:9 | clerk#000000094:8 | clerk#000000045:8
asm_orders,o_shippriority,15000,0.2%,0.0%,99.8%,1,0.0,100.0%,0.0%,100.0%,0.0,0,0.0%,3.0,0.0:500
asm_orders,o_comment,15000,100.0%,0.0%,0.0%,500,6.2146,0.0%,0.0%,100.0%,0.0,0,0.0%,51.54,is a on an are their:1 | not have are but had:1 | an had is are been w:1
asm_customer,c_custkey,1500,100.0%,0.0%,0.0%,500,6.2146,100.0%,0.0%,100.0%,2.0,0,0.0%,5.3,1117.0:1 | 1369.0:1 | 423.0:1
asm_customer,c_name,1500,100.0%,0.0%,0.0%,500,6.2146,0.0%,0.0%,100.0%,0.0,0,0.0%,18.0,customer#000001117:1 | customer#000001369:1 | customer#000000423:1
asm_customer,c_address,1500,97.8%,0.0%,2.2%,492,6.1924,0.0%,0.0%,100.0%,0.0,0,0.0%,11.87,custaddr3832:2 | custaddr4935:2 | custaddr2930:2
asm_customer,c_nationkey,1500,5.0%,0.0%,95.0%,25,3.1889,100.0%,0.0%,100.0%,2.0,0,0.0%,3.62,1.0:28 | 24.0:28 | 23.0:27
asm_customer,c_phone,1500,100.0%,0.0%,0.0%,500,6.2146,0.0%,0.0%,100.0%,0.0,0,0.0%,15.0,12-840-278-3267:1 | 23-798-602-9005:1 | 15-444-632-4129:1
asm_customer,c_acctbal,1500,98.4%,0.0%,1.6%,492,6.1924,16.2%,83.8%,83.8%,0.0,0,0.0%,17.77,9136-01-01T00:00:00Z:2 | 8102-01-01T00:00:00Z:2 | 4532-01-01T00:00:00Z:2
asm_customer,c_mktsegment,1500,1.0%,0.0%,99.0%,5,1.6045,0.0%,0.0%,100.0%,0.0,0,0.0%,9.0,machinery:120 | automobile:97 | building:96
asm_customer,c_comment,1500,100.0%,0.0%,0.0%,500,6.2146,0.0%,0.0%,100.0%,0.0,0,0.0%,71.53,but an with that its:1 | it not he have to bu:1 | has not their it at :1
asm_part,p_partkey,2000,100.0%,0.0%,0.0%,500,6.2146,100.0%,0.0%,100.0%,2.0,0,0.0%,5.44,1861.0:1 | 354.0:1 | 1334.0:1
asm_part,p_name,2000,100.0%,0.0%,0.0%,500,6.2146,0.0%,0.0%,100.0%,0.0,0,0.0%,8.44,part#1861:1 | part#354:1 | part#1334:1
asm_part,p_mfgr,2000,1.0%,0.0%,99.0%,5,1.6063,0.0%,0.0%,100.0%,0.0,0,0.0%,14.0,manufacturer#2:108 | manufacturer#5:107 | manufacturer#3:104
asm_part,p_brand,2000,5.0%,0.0%,95.0%,25,3.1908,0.0%,0.0%,100.0%,0.0,0,0.0%,8.0,brand#41:30 | brand#43:27 | brand#42:26
asm_part,p_type,2000,29.0%,0.0%,71.0%,145,4.8391,0.0%,0.0%,100.0%,0.0,0,0.0%,20.65,large plated tin:9 | promo burnished nick:8 | medium burnished cop:7
asm_part,p_size,2000,10.0%,0.0%,90.0%,50,3.8797,100.0%,0.0%,100.0%,0.0,0,0.0%,3.82,50.0:16 | 10.0:15 | 19.0:14
asm_part,p_container,2000,8.0%,0.0%,92.0%,40,3.6392,0.0%,0.0%,100.0%,0.0,0,0.0%,7.63,med bag:23 | lg can:19 | med drum:18
asm_part,p_retailprice,2000,100.0%,0.0%,0.0%,500,6.2146,100.0%,44.2%,100.0%,0.0,0,0.0%,5.49,1086.1:1 | 935.4:1 | 1033.4:1
asm_part,p_comment,2000,99.2%,0.0%,0.8%,498,6.2091,0.0%,0.0%,100.0%,0.0,0,0.0%,11.39,or been an:2 | they which:2 | he i they to:1
asm_lineitem,l_orderkey,59836,26.2%,0.0%,73.8%,491,6.1886,100.0%,0.0%,100.0%,2.0,0,0.0%,6.3,6808.0:3 | 13727.0:2 | 11978.0:2
asm_lineitem,l_partkey,59836,88.0%,0.0%,12.0%,442,6.0496,100.0%,0.0%,100.0%,2.0,0,0.0%,5.45,631.0:3 | 1132.0:3 | 904.0:3
asm_lineitem,l_suppkey,59836,20.0%,0.0%,80.0%,99,4.4947,100.0%,0.0%,100.0%,2.0,0,0.0%,3.92,81.0:12 | 92.0:10 | 86.0:10
asm_lineitem,l_linenumber,59836,1.4%,0.0%,98.6%,7,1.7887,100.0%,0.0%,100.0%,1.0,0,0.0%,3.0,2.0:129 | 1.0:119 | 3.0:73
asm_lineitem,l_quantity,59836,95.0%,0.0%,5.0%,475,6.1453,100.0%,0.0%,100.0%,0.0,0,0.0%,4.74,12.12:2 | 37.21:2 | 44.47:2
asm_lineitem,l_extendedprice,59836,100.0%,0.0%,0.0%,500,6.2146,100.0%,12.4%,100.0%,0.0,0,0.0%,7.86,22836.86:1 | 59739.36:1 | 72081.55:1
asm_lineitem,l_discount,59836,2.2%,0.0%,97.8%,11,2.3677,100.0%,0.0%,100.0%,0.0,0,0.0%,3.9,0.05:61 | 0.06:55 | 0.03:52
asm_lineitem,l_tax,59836,1.8%,0.0%,98.2%,9,2.1652,100.0%,0.0%,100.0%,0.0,0,0.0%,3.93,0.07:73 | 0.02:70 | 0.06:65
asm_lineitem,l_returnflag,59836,0.6%,0.0%,99.4%,3,1.0957,0.0%,0.0%,100.0%,0.0,0,0.0%,1.0,r:183 | n:165 | a:152
asm_lineitem,l_linestatus,59836,0.4%,0.0%,99.6%,2,0.6916,0.0%,0.0%,100.0%,0.0,0,0.0%,1.0,o:264 | f:236
asm_lineitem,l_shipdate,59836,90.2%,0.0%,9.8%,456,6.0853,0.0%,100.0%,100.0%,0.0,0,0.0%,20.0,1992-06-16T00:00:00Z:3 | 1998-03-01T00:00:00Z:3 | 1997-06-26T00:00:00Z:3
asm_lineitem,l_commitdate,59836,90.6%,0.0%,9.4%,459,6.0988,0.0%,100.0%,100.0%,0.0,0,0.0%,20.0,1996-04-20T00:00:00Z:3 | 1997-11-26T00:00:00Z:3 | 1992-06-21T00:00:00Z:2
asm_lineitem,l_receiptdate,59836,89.6%,0.0%,10.4%,446,6.0607,0.0%,100.0%,100.0%,0.0,0,0.0%,20.0,1997-09-08T00:00:00Z:3 | 1996-06-21T00:00:00Z:3 | 1996-12-16T00:00:00Z:3
asm_lineitem,l_shipinstruct,59836,0.8%,0.0%,99.2%,4,1.3837,0.0%,0.0%,100.0%,0.0,0,0.0%,11.79,collect cod:138 | none:128 | deliver in person:120
asm_lineitem,l_shipmode,59836,1.4%,0.0%,98.6%,7,1.9422,0.0%,0.0%,100.0%,0.0,0,0.0%,4.22,air:80 | mail:77 | ship:75
asm_lineitem,l_comment,59836,100.0%,0.0%,0.0%,500,6.2146,0.0%,0.0%,100.0%,0.0,0,0.0%,21.51,he in their be had h:1 | but on but for have :1 | for you be by this t:1
