Source Table,Source Col,Target Table,Target Col,Confidence,Inclusion_A_to_B,Inclusion_B_to_A,Jaccard,Reason
PersonPhone,['PhoneNumberTypeID'],PhoneNumberType,PhoneNumberTypeID,1.00,1.00,1.00,1.00,"inc(A->B)=1.00, inc(B->A)=1.00, jacc=1.00, name=1.00"
BusinessEntityAddress,['AddressTypeID'],AddressType,AddressTypeID,0.95,1.00,0.50,0.50,"inc(A->B)=1.00, inc(B->A)=0.50, jacc=0.50, name=1.00"
BillOfMaterials,['UnitMeasureCode'],UnitMeasure,UnitMeasureCode,0.91,1.00,0.08,0.08,"inc(A->B)=1.00, inc(B->A)=0.08, jacc=0.08, name=1.00"
ProductSubcategory,['ProductCategoryID'],ProductCategory,ProductCategoryID,0.85,1.00,1.00,1.00,"inc(A->B)=1.00, inc(B->A)=1.00, jacc=1.00, name=1.00"
PurchaseOrderHeader,['ShipMethodID'],ShipMethod,ShipMethodID,0.85,1.00,1.00,1.00,"inc(A->B)=1.00, inc(B->A)=1.00, jacc=1.00, name=1.00"
EmailAddress,['BusinessEntityID'],BusinessEntity,BusinessEntityID,0.85,1.00,0.96,0.96,"inc(A->B)=1.00, inc(B->A)=0.96, jacc=0.96, name=1.00"
EmployeeDepartmentHistory,['DepartmentID'],Department,DepartmentID,0.85,1.00,1.00,1.00,"inc(A->B)=1.00, inc(B->A)=1.00, jacc=1.00, name=1.00"
ProductInventory,['LocationID'],Location,LocationID,0.85,1.00,1.00,1.00,"inc(A->B)=1.00, inc(B->A)=1.00, jacc=1.00, name=1.00"
SalesOrderHeader,['CustomerID'],Customer,CustomerID,0.85,1.00,0.96,0.96,"inc(A->B)=1.00, inc(B->A)=0.96, jacc=0.96, name=1.00"
Product,['ProductSubcategoryID'],ProductSubcategory,ProductSubcategoryID,0.85,1.00,1.00,1.00,"inc(A->B)=1.00, inc(B->A)=1.00, jacc=1.00, name=1.00"
PersonCreditCard,['CreditCardID'],CreditCard,CreditCardID,0.85,1.00,1.00,1.00,"inc(A->B)=1.00, inc(B->A)=1.00, jacc=1.00, name=1.00"
SalesOrderHeader,['CreditCardID'],CreditCard,CreditCardID,0.85,1.00,0.96,0.96,"inc(A->B)=1.00, inc(B->A)=0.96, jacc=0.96, name=1.00"
EmployeeDepartmentHistory,['ShiftID'],Shift,ShiftID,0.85,1.00,1.00,1.00,"inc(A->B)=1.00, inc(B->A)=1.00, jacc=1.00, name=1.00"
SalesOrderHeader,['SalesPersonID'],SalesPerson,BusinessEntityID,0.85,1.00,1.00,1.00,"inc(A->B)=1.00, inc(B->A)=1.00, jacc=1.00, name=1.00"
WorkOrder,['ScrapReasonID'],ScrapReason,ScrapReasonID,0.85,1.00,1.00,1.00,"inc(A->B)=1.00, inc(B->A)=1.00, jacc=1.00, name=1.00"
TransactionHistoryArchive,['ProductID'],Product,ProductID,0.85,1.00,0.99,0.99,"inc(A->B)=1.00, inc(B->A)=0.99, jacc=0.99, name=1.00"
BusinessEntityAddress,['BusinessEntityID'],BusinessEntity,BusinessEntityID,0.84,1.00,0.94,0.94,"inc(A->B)=1.00, inc(B->A)=0.94, jacc=0.94, name=1.00"
CountryRegionCurrency,['CurrencyCode'],Currency,CurrencyCode,0.84,1.00,0.92,0.92,"inc(A->B)=1.00, inc(B->A)=0.92, jacc=0.92, name=1.00"
SpecialOfferProduct,['SpecialOfferID'],SpecialOffer,SpecialOfferID,0.84,1.00,0.94,0.94,"inc(A->B)=1.00, inc(B->A)=0.94, jacc=0.94, name=1.00"
ProductInventory,['ProductID'],Product,ProductID,0.84,1.00,0.86,0.86,"inc(A->B)=1.00, inc(B->A)=0.86, jacc=0.86, name=1.00"
TransactionHistory,['ProductID'],Product,ProductID,0.84,1.00,0.88,0.88,"inc(A->B)=1.00, inc(B->A)=0.88, jacc=0.88, name=1.00"
PurchaseOrderHeader,['VendorID'],Vendor,BusinessEntityID,0.83,1.00,0.83,0.83,"inc(A->B)=1.00, inc(B->A)=0.83, jacc=0.83, name=1.00"
ProductModelIllustration,['IllustrationID'],Illustration,IllustrationID,0.83,1.00,0.80,0.80,"inc(A->B)=1.00, inc(B->A)=0.80, jacc=0.80, name=1.00"
Store,['SalesPersonID'],SalesPerson,BusinessEntityID,0.83,1.00,0.76,0.76,"inc(A->B)=1.00, inc(B->A)=0.76, jacc=0.76, name=1.00"
ProductModelProductDescriptionCulture,['CultureID'],Culture,CultureID,0.82,1.00,0.75,0.75,"inc(A->B)=1.00, inc(B->A)=0.75, jacc=0.75, name=1.00"
ProductModelProductDescriptionCulture,['ProductModelID'],ProductModel,ProductModelID,0.82,0.95,0.99,0.95,"inc(A->B)=0.95, inc(B->A)=0.99, jacc=0.95, name=1.00"
SalesOrderHeaderSalesReason,['SalesReasonID'],SalesReason,SalesReasonID,0.82,1.00,0.70,0.70,"inc(A->B)=1.00, inc(B->A)=0.70, jacc=0.70, name=1.00"
SalesOrderDetail,['SpecialOfferID'],SpecialOffer,SpecialOfferID,0.82,1.00,0.75,0.75,"inc(A->B)=1.00, inc(B->A)=0.75, jacc=0.75, name=1.00"
ProductCostHistory,['ProductID'],Product,ProductID,0.81,1.00,0.58,0.58,"inc(A->B)=1.00, inc(B->A)=0.58, jacc=0.58, name=1.00"
SpecialOfferProduct,['ProductID'],Product,ProductID,0.81,1.00,0.59,0.59,"inc(A->B)=1.00, inc(B->A)=0.59, jacc=0.59, name=1.00"
ProductListPriceHistory,['ProductID'],Product,ProductID,0.81,1.00,0.58,0.58,"inc(A->B)=1.00, inc(B->A)=0.58, jacc=0.58, name=1.00"
WorkOrderRouting,['WorkOrderID'],WorkOrder,WorkOrderID,0.81,1.00,0.59,0.59,"inc(A->B)=1.00, inc(B->A)=0.59, jacc=0.59, name=1.00"
SalesOrderDetail,['ProductID'],Product,ProductID,0.80,1.00,0.53,0.53,"inc(A->B)=1.00, inc(B->A)=0.53, jacc=0.53, name=1.00"
WorkOrderRouting,['LocationID'],Location,LocationID,0.80,1.00,0.50,0.50,"inc(A->B)=1.00, inc(B->A)=0.50, jacc=0.50, name=1.00"
Product,['WeightUnitMeasureCode'],UnitMeasure,UnitMeasureCode,0.80,1.00,0.05,0.05,"inc(A->B)=1.00, inc(B->A)=0.05, jacc=0.05, name=0.70"
Customer,['TerritoryID'],SalesTerritory,TerritoryID,0.80,1.00,1.00,1.00,"inc(A->B)=1.00, inc(B->A)=1.00, jacc=1.00, name=0.00"
PurchaseOrderDetail,['ProductID'],Product,ProductID,0.80,1.00,0.53,0.53,"inc(A->B)=1.00, inc(B->A)=0.53, jacc=0.53, name=1.00"
WorkOrder,['ProductID'],Product,ProductID,0.80,1.00,0.47,0.47,"inc(A->B)=1.00, inc(B->A)=0.47, jacc=0.47, name=1.00"
BillOfMaterials,['ProductAssemblyID'],Product,ProductID,0.80,1.00,0.47,0.47,"inc(A->B)=1.00, inc(B->A)=0.47, jacc=0.47, name=0.70"
ProductVendor,['ProductID'],Product,ProductID,0.80,1.00,0.53,0.53,"inc(A->B)=1.00, inc(B->A)=0.53, jacc=0.53, name=1.00"
CountryRegionCurrency,['CountryRegionCode'],CountryRegion,CountryRegionCode,0.79,1.00,0.40,0.40,"inc(A->B)=1.00, inc(B->A)=0.40, jacc=0.40, name=1.00"
SalesOrderHeader,['ShipMethodID'],ShipMethod,ShipMethodID,0.79,1.00,0.40,0.40,"inc(A->B)=1.00, inc(B->A)=0.40, jacc=0.40, name=1.00"
Address,['StateProvinceID'],StateProvince,StateProvinceID,0.79,1.00,0.41,0.41,"inc(A->B)=1.00, inc(B->A)=0.41, jacc=0.41, name=1.00"
BusinessEntityContact,['ContactTypeID'],ContactType,ContactTypeID,0.79,1.00,0.35,0.35,"inc(A->B)=1.00, inc(B->A)=0.35, jacc=0.35, name=1.00"
SalesOrderHeader,['BillToAddressID'],Address,AddressID,0.79,1.00,0.97,0.97,"inc(A->B)=1.00, inc(B->A)=0.97, jacc=0.97, name=0.70"
SalesOrderHeader,['ShipToAddressID'],Address,AddressID,0.79,1.00,0.97,0.97,"inc(A->B)=1.00, inc(B->A)=0.97, jacc=0.97, name=0.70"
WorkOrderRouting,['ProductID'],Product,ProductID,0.78,1.00,0.30,0.30,"inc(A->B)=1.00, inc(B->A)=0.30, jacc=0.30, name=1.00"
ProductVendor,['UnitMeasureCode'],UnitMeasure,UnitMeasureCode,0.77,1.00,0.18,0.18,"inc(A->B)=1.00, inc(B->A)=0.18, jacc=0.18, name=1.00"
SalesTerritoryHistory,['TerritoryID'],JobCandidate,JobCandidateID,0.77,1.00,0.83,0.83,"inc(A->B)=1.00, inc(B->A)=0.83, jacc=0.83, name=0.00"
SalesOrderHeader,['CurrencyRateID'],CurrencyRate,CurrencyRateID,0.77,1.00,0.19,0.19,"inc(A->B)=1.00, inc(B->A)=0.19, jacc=0.19, name=1.00"
StateProvince,['CountryRegionCode'],CountryRegion,CountryRegionCode,0.76,1.00,0.05,0.05,"inc(A->B)=1.00, inc(B->A)=0.05, jacc=0.05, name=1.00"
SalesTaxRate,['StateProvinceID'],StateProvince,StateProvinceID,0.76,1.00,0.14,0.14,"inc(A->B)=1.00, inc(B->A)=0.14, jacc=0.14, name=1.00"
ProductDocument,['ProductID'],Product,ProductID,0.76,1.00,0.06,0.06,"inc(A->B)=1.00, inc(B->A)=0.06, jacc=0.06, name=1.00"
SalesTerritory,['CountryRegionCode'],CountryRegion,CountryRegionCode,0.75,1.00,0.03,0.03,"inc(A->B)=1.00, inc(B->A)=0.03, jacc=0.03, name=1.00"
ProductModelIllustration,['ProductModelID'],ProductModel,ProductModelID,0.75,1.00,0.04,0.04,"inc(A->B)=1.00, inc(B->A)=0.04, jacc=0.04, name=1.00"
ShoppingCartItem,['ProductID'],Product,ProductID,0.75,1.00,0.01,0.01,"inc(A->B)=1.00, inc(B->A)=0.01, jacc=0.01, name=1.00"
JobCandidate,['BusinessEntityID'],BusinessEntity,BusinessEntityID,0.75,1.00,0.00,0.00,"inc(A->B)=1.00, inc(B->A)=0.00, jacc=0.00, name=1.00"
EmployeePayHistory,['BusinessEntityID'],EmployeeDepartmentHistory,BusinessEntityID,0.75,1.00,1.00,1.00,"inc(A->B)=1.00, inc(B->A)=1.00, jacc=1.00, name=0.00"
SalesPersonQuotaHistory,['BusinessEntityID'],BusinessEntity,BusinessEntityID,0.75,1.00,0.00,0.00,"inc(A->B)=1.00, inc(B->A)=0.00, jacc=0.00, name=1.00"
EmployeeDepartmentHistory,['BusinessEntityID'],EmployeePayHistory,BusinessEntityID,0.75,1.00,1.00,1.00,"inc(A->B)=1.00, inc(B->A)=1.00, jacc=1.00, name=0.00"
Employee,['BusinessEntityID'],BusinessEntity,BusinessEntityID,0.75,1.00,0.01,0.01,"inc(A->B)=1.00, inc(B->A)=0.01, jacc=0.01, name=1.00"
SalesTerritoryHistory,['BusinessEntityID'],BusinessEntity,BusinessEntityID,0.75,1.00,0.00,0.00,"inc(A->B)=1.00, inc(B->A)=0.00, jacc=0.00, name=1.00"
ProductVendor,['BusinessEntityID'],BusinessEntity,BusinessEntityID,0.75,1.00,0.00,0.00,"inc(A->B)=1.00, inc(B->A)=0.00, jacc=0.00, name=1.00"
StateProvince,['TerritoryID'],Department,DepartmentID,0.75,1.00,0.62,0.62,"inc(A->B)=1.00, inc(B->A)=0.62, jacc=0.62, name=0.00"
SalesPerson,['TerritoryID'],ScrapReason,ScrapReasonID,0.75,1.00,0.62,0.62,"inc(A->B)=1.00, inc(B->A)=0.62, jacc=0.62, name=0.00"
BusinessEntityContact,['BusinessEntityID'],BusinessEntity,BusinessEntityID,0.75,1.00,0.04,0.04,"inc(A->B)=1.00, inc(B->A)=0.04, jacc=0.04, name=1.00"
CurrencyRate,['ToCurrencyCode'],Currency,CurrencyCode,0.70,1.00,0.13,0.13,"inc(A->B)=1.00, inc(B->A)=0.13, jacc=0.13, name=0.70"
PurchaseOrderHeader,['RevisionNumber'],ProductModel,ProductModelID,0.70,1.00,0.08,0.08,"inc(A->B)=1.00, inc(B->A)=0.08, jacc=0.08, name=0.00"
CurrencyRate,['FromCurrencyCode'],Currency,CurrencyCode,0.69,1.00,0.01,0.01,"inc(A->B)=1.00, inc(B->A)=0.01, jacc=0.01, name=0.70"
Product,['SizeUnitMeasureCode'],UnitMeasure,UnitMeasureCode,0.69,1.00,0.03,0.03,"inc(A->B)=1.00, inc(B->A)=0.03, jacc=0.03, name=0.70"
PurchaseOrderHeader,['EmployeeID'],EmployeePayHistory,BusinessEntityID,0.67,1.00,0.04,0.04,"inc(A->B)=1.00, inc(B->A)=0.04, jacc=0.04, name=0.00"
SalesOrderHeader,['TerritoryID'],SalesTerritory,TerritoryID,0.65,1.00,1.00,1.00,"inc(A->B)=1.00, inc(B->A)=1.00, jacc=1.00, name=0.00"
PurchaseOrderDetail,['PurchaseOrderID'],PurchaseOrderHeader,PurchaseOrderID,0.65,1.00,1.00,1.00,"inc(A->B)=1.00, inc(B->A)=1.00, jacc=1.00, name=0.00"
SalesOrderHeaderSalesReason,['SalesOrderID'],SalesOrderHeader,SalesOrderID,0.62,1.00,0.73,0.73,"inc(A->B)=1.00, inc(B->A)=0.73, jacc=0.73, name=0.00"
